{
  "openstudio_results" : 
  {
    "air_loops_detail_section" : true,
    "analysis_length" : 25,
    "annual_overview_section" : true,
    "annual_peak_electric_demand" : 1.5591199999999998,
    "annual_utility_cost" : 0.0,
    "applicable" : true,
    "building_name" : "n/a",
    "building_summary_section" : true,
    "coal_cooling_ip" : 0.0,
    "coal_exterior_equipment_ip" : 0.0,
    "coal_exterior_lighting_ip" : 0.0,
    "coal_fans_ip" : 0.0,
    "coal_generators_ip" : 0.0,
    "coal_heat_recovery_ip" : 0.0,
    "coal_heat_rejection_ip" : 0.0,
    "coal_heating_ip" : 0.0,
    "coal_humidification_ip" : 0.0,
    "coal_interior_equipment_ip" : 0.0,
    "coal_interior_lighting_ip" : 0.0,
    "coal_ip" : 0.0,
    "coal_pumps_ip" : 0.0,
    "coal_refrigeration_ip" : 0.0,
    "coal_water_systems_ip" : 0.0,
    "cost_summary_section" : true,
    "diesel_cooling_ip" : 0.0,
    "diesel_exterior_equipment_ip" : 0.0,
    "diesel_exterior_lighting_ip" : 0.0,
    "diesel_fans_ip" : 0.0,
    "diesel_generators_ip" : 0.0,
    "diesel_heat_recovery_ip" : 0.0,
    "diesel_heat_rejection_ip" : 0.0,
    "diesel_heating_ip" : 0.0,
    "diesel_humidification_ip" : 0.0,
    "diesel_interior_equipment_ip" : 0.0,
    "diesel_interior_lighting_ip" : 0.0,
    "diesel_ip" : 0.0,
    "diesel_pumps_ip" : 0.0,
    "diesel_refrigeration_ip" : 0.0,
    "diesel_water_systems_ip" : 0.0,
    "district_cooling_cooling_ip" : 0.0,
    "district_cooling_exterior_equipment_ip" : 0.0,
    "district_cooling_exterior_lighting_ip" : 0.0,
    "district_cooling_fans_ip" : 0.0,
    "district_cooling_generators_ip" : 0.0,
    "district_cooling_heat_recovery_ip" : 0.0,
    "district_cooling_heat_rejection_ip" : 0.0,
    "district_cooling_heating_ip" : 0.0,
    "district_cooling_humidification_ip" : 0.0,
    "district_cooling_interior_equipment_ip" : 0.0,
    "district_cooling_interior_lighting_ip" : 0.0,
    "district_cooling_ip" : 0.0,
    "district_cooling_pumps_ip" : 0.0,
    "district_cooling_refrigeration_ip" : 0.0,
    "district_cooling_water_systems_ip" : 0.0,
    "district_heating_steam_cooling_ip" : 0.0,
    "district_heating_steam_exterior_equipment_ip" : 0.0,
    "district_heating_steam_exterior_lighting_ip" : 0.0,
    "district_heating_steam_fans_ip" : 0.0,
    "district_heating_steam_generators_ip" : 0.0,
    "district_heating_steam_heat_recovery_ip" : 0.0,
    "district_heating_steam_heat_rejection_ip" : 0.0,
    "district_heating_steam_heating_ip" : 0.0,
    "district_heating_steam_humidification_ip" : 0.0,
    "district_heating_steam_interior_equipment_ip" : 0.0,
    "district_heating_steam_interior_lighting_ip" : 0.0,
    "district_heating_steam_ip" : 0.0,
    "district_heating_steam_pumps_ip" : 0.0,
    "district_heating_steam_refrigeration_ip" : 0.0,
    "district_heating_steam_water_systems_ip" : 0.0,
    "district_heating_water_cooling_ip" : 0.0,
    "district_heating_water_exterior_equipment_ip" : 0.0,
    "district_heating_water_exterior_lighting_ip" : 0.0,
    "district_heating_water_fans_ip" : 0.0,
    "district_heating_water_generators_ip" : 0.0,
    "district_heating_water_heat_recovery_ip" : 0.0,
    "district_heating_water_heat_rejection_ip" : 0.0,
    "district_heating_water_heating_ip" : 0.0,
    "district_heating_water_humidification_ip" : 0.0,
    "district_heating_water_interior_equipment_ip" : 0.0,
    "district_heating_water_interior_lighting_ip" : 0.0,
    "district_heating_water_ip" : 0.0,
    "district_heating_water_pumps_ip" : 0.0,
    "district_heating_water_refrigeration_ip" : 0.0,
    "district_heating_water_water_systems_ip" : 0.0,
    "electricity_cooling_ip" : 2650.7575000000002,
    "electricity_exterior_equipment_ip" : 0.0,
    "electricity_exterior_lighting_ip" : 0.0,
    "electricity_fans_ip" : 197.79501656111111,
    "electricity_generators_ip" : 0.0,
    "electricity_heat_recovery_ip" : 0.0,
    "electricity_heat_rejection_ip" : 0.0,
    "electricity_heating_ip" : 0.0,
    "electricity_humidification_ip" : 0.0,
    "electricity_interior_equipment_ip" : 194.68800000000002,
    "electricity_interior_lighting_ip" : 97.344000000000008,
    "electricity_ip" : 3140.5845165611113,
    "electricity_pumps_ip" : 0.0,
    "electricity_refrigeration_ip" : 0.0,
    "electricity_water_systems_ip" : 0.0,
    "end_use_cooling" : 2650.0,
    "end_use_electricity_cooling" : 2650.0,
    "end_use_electricity_exterior_equipment" : 0.0,
    "end_use_electricity_exterior_lighting" : 0.0,
    "end_use_electricity_fans" : 197.22222222222223,
    "end_use_electricity_generators" : 0.0,
    "end_use_electricity_heat_recovery" : 0.0,
    "end_use_electricity_heat_rejection" : 0.0,
    "end_use_electricity_heating" : 0.0,
    "end_use_electricity_humidification" : 0.0,
    "end_use_electricity_interior_equipment" : 194.44444444444443,
    "end_use_electricity_interior_lighting" : 97.222222222222214,
    "end_use_electricity_pumps" : 0.0,
    "end_use_electricity_refrigeration" : 0.0,
    "end_use_electricity_water_systems" : 0.0,
    "end_use_exterior_equipment" : 0.0,
    "end_use_exterior_lighting" : 0.0,
    "end_use_fans" : 197.22222222222223,
    "end_use_generators" : 0.0,
    "end_use_heat_recovery" : 0.0,
    "end_use_heat_rejection" : 0.0,
    "end_use_heating" : 0.0,
    "end_use_humidification" : 0.0,
    "end_use_interior_equipment" : 194.44444444444443,
    "end_use_interior_lighting" : 97.222222222222214,
    "end_use_natural_gas_cooling" : 0.0,
    "end_use_natural_gas_exterior_equipment" : 0.0,
    "end_use_natural_gas_exterior_lighting" : 0.0,
    "end_use_natural_gas_fans" : 0.0,
    "end_use_natural_gas_generators" : 0.0,
    "end_use_natural_gas_heat_recovery" : 0.0,
    "end_use_natural_gas_heat_rejection" : 0.0,
    "end_use_natural_gas_heating" : 0.0,
    "end_use_natural_gas_humidification" : 0.0,
    "end_use_natural_gas_interior_equipment" : 0.0,
    "end_use_natural_gas_interior_lighting" : 0.0,
    "end_use_natural_gas_pumps" : 0.0,
    "end_use_natural_gas_refrigeration" : 0.0,
    "end_use_natural_gas_water_systems" : 0.0,
    "end_use_pumps" : 0.0,
    "end_use_refrigeration" : 0.0,
    "end_use_water_systems" : 0.0,
    "envelope_section_section" : true,
    "eui" : 335.64814814814821,
    "exterior_light_section" : true,
    "first_year_capital_cost" : 0.0,
    "fuel_coal" : 0.0,
    "fuel_diesel" : 0.0,
    "fuel_district_cooling" : 0.0,
    "fuel_district_heating_steam" : 0.0,
    "fuel_district_heating_water" : 0.0,
    "fuel_electricity" : 10719.811630743618,
    "fuel_fuel_oil_no_1" : 0.0,
    "fuel_fuel_oil_no_2" : 0.0,
    "fuel_gasoline" : 0.0,
    "fuel_natural_gas" : 0.0,
    "fuel_oil_no_1_cooling_ip" : 0.0,
    "fuel_oil_no_1_exterior_equipment_ip" : 0.0,
    "fuel_oil_no_1_exterior_lighting_ip" : 0.0,
    "fuel_oil_no_1_fans_ip" : 0.0,
    "fuel_oil_no_1_generators_ip" : 0.0,
    "fuel_oil_no_1_heat_recovery_ip" : 0.0,
    "fuel_oil_no_1_heat_rejection_ip" : 0.0,
    "fuel_oil_no_1_heating_ip" : 0.0,
    "fuel_oil_no_1_humidification_ip" : 0.0,
    "fuel_oil_no_1_interior_equipment_ip" : 0.0,
    "fuel_oil_no_1_interior_lighting_ip" : 0.0,
    "fuel_oil_no_1_ip" : 0.0,
    "fuel_oil_no_1_pumps_ip" : 0.0,
    "fuel_oil_no_1_refrigeration_ip" : 0.0,
    "fuel_oil_no_1_water_systems_ip" : 0.0,
    "fuel_oil_no_2_cooling_ip" : 0.0,
    "fuel_oil_no_2_exterior_equipment_ip" : 0.0,
    "fuel_oil_no_2_exterior_lighting_ip" : 0.0,
    "fuel_oil_no_2_fans_ip" : 0.0,
    "fuel_oil_no_2_generators_ip" : 0.0,
    "fuel_oil_no_2_heat_recovery_ip" : 0.0,
    "fuel_oil_no_2_heat_rejection_ip" : 0.0,
    "fuel_oil_no_2_heating_ip" : 0.0,
    "fuel_oil_no_2_humidification_ip" : 0.0,
    "fuel_oil_no_2_interior_equipment_ip" : 0.0,
    "fuel_oil_no_2_interior_lighting_ip" : 0.0,
    "fuel_oil_no_2_ip" : 0.0,
    "fuel_oil_no_2_pumps_ip" : 0.0,
    "fuel_oil_no_2_refrigeration_ip" : 0.0,
    "fuel_oil_no_2_water_systems_ip" : 0.0,
    "fuel_other_fuel_1" : 0.0,
    "fuel_other_fuel_2" : 0.0,
    "fuel_propane" : 0.0,
    "gasoline_cooling_ip" : 0.0,
    "gasoline_exterior_equipment_ip" : 0.0,
    "gasoline_exterior_lighting_ip" : 0.0,
    "gasoline_fans_ip" : 0.0,
    "gasoline_generators_ip" : 0.0,
    "gasoline_heat_recovery_ip" : 0.0,
    "gasoline_heat_rejection_ip" : 0.0,
    "gasoline_heating_ip" : 0.0,
    "gasoline_humidification_ip" : 0.0,
    "gasoline_interior_equipment_ip" : 0.0,
    "gasoline_interior_lighting_ip" : 0.0,
    "gasoline_ip" : 0.0,
    "gasoline_pumps_ip" : 0.0,
    "gasoline_refrigeration_ip" : 0.0,
    "gasoline_water_systems_ip" : 0.0,
    "gross_window_wall_ratio" : 2.6899999999999999,
    "gross_window_wall_ratio_conditioned" : 2.6899999999999999,
    "hvac_load_profile" : true,
    "inflation_approach" : "Constant Dollar",
    "interior_lighting_section" : true,
    "measure_warning_section" : true,
    "monthly_overview_section" : true,
    "natural_gas_cooling_ip" : 0.0,
    "natural_gas_exterior_equipment_ip" : 0.0,
    "natural_gas_exterior_lighting_ip" : 0.0,
    "natural_gas_fans_ip" : 0.0,
    "natural_gas_generators_ip" : 0.0,
    "natural_gas_heat_recovery_ip" : 0.0,
    "natural_gas_heat_rejection_ip" : 0.0,
    "natural_gas_heating_ip" : 0.0,
    "natural_gas_humidification_ip" : 0.0,
    "natural_gas_interior_equipment_ip" : 0.0,
    "natural_gas_interior_lighting_ip" : 0.0,
    "natural_gas_ip" : 0.0,
    "natural_gas_pumps_ip" : 0.0,
    "natural_gas_refrigeration_ip" : 0.0,
    "natural_gas_water_systems_ip" : 0.0,
    "net_site_energy" : 3141.6666666666665,
    "num_zones_x_hours_over_55" : 1,
    "num_zones_x_hours_over_70" : 1,
    "number_of_measures_with_warnings" : 0,
    "number_warnings" : 0,
    "other_fuel_1_cooling_ip" : 0.0,
    "other_fuel_1_exterior_equipment_ip" : 0.0,
    "other_fuel_1_exterior_lighting_ip" : 0.0,
    "other_fuel_1_fans_ip" : 0.0,
    "other_fuel_1_generators_ip" : 0.0,
    "other_fuel_1_heat_recovery_ip" : 0.0,
    "other_fuel_1_heat_rejection_ip" : 0.0,
    "other_fuel_1_heating_ip" : 0.0,
    "other_fuel_1_humidification_ip" : 0.0,
    "other_fuel_1_interior_equipment_ip" : 0.0,
    "other_fuel_1_interior_lighting_ip" : 0.0,
    "other_fuel_1_ip" : 0.0,
    "other_fuel_1_pumps_ip" : 0.0,
    "other_fuel_1_refrigeration_ip" : 0.0,
    "other_fuel_1_water_systems_ip" : 0.0,
    "other_fuel_2_cooling_ip" : 0.0,
    "other_fuel_2_exterior_equipment_ip" : 0.0,
    "other_fuel_2_exterior_lighting_ip" : 0.0,
    "other_fuel_2_fans_ip" : 0.0,
    "other_fuel_2_generators_ip" : 0.0,
    "other_fuel_2_heat_recovery_ip" : 0.0,
    "other_fuel_2_heat_rejection_ip" : 0.0,
    "other_fuel_2_heating_ip" : 0.0,
    "other_fuel_2_humidification_ip" : 0.0,
    "other_fuel_2_interior_equipment_ip" : 0.0,
    "other_fuel_2_interior_lighting_ip" : 0.0,
    "other_fuel_2_ip" : 0.0,
    "other_fuel_2_pumps_ip" : 0.0,
    "other_fuel_2_refrigeration_ip" : 0.0,
    "other_fuel_2_water_systems_ip" : 0.0,
    "outdoor_air_section" : true,
    "plant_loops_detail_section" : true,
    "plug_loads_section" : true,
    "propane_cooling_ip" : 0.0,
    "propane_exterior_equipment_ip" : 0.0,
    "propane_exterior_lighting_ip" : 0.0,
    "propane_fans_ip" : 0.0,
    "propane_generators_ip" : 0.0,
    "propane_heat_recovery_ip" : 0.0,
    "propane_heat_rejection_ip" : 0.0,
    "propane_heating_ip" : 0.0,
    "propane_humidification_ip" : 0.0,
    "propane_interior_equipment_ip" : 0.0,
    "propane_interior_lighting_ip" : 0.0,
    "propane_ip" : 0.0,
    "propane_pumps_ip" : 0.0,
    "propane_refrigeration_ip" : 0.0,
    "propane_water_systems_ip" : 0.0,
    "reg_monthly_details" : false,
    "schedules_overview_section" : true,
    "skylight_roof_ratio" : 0.0,
    "source_energy_section" : true,
    "space_type_breakdown_section" : true,
    "space_type_details_section" : true,
    "space_type_no_space_type" : 9.3599999999999977,
    "standards_gem_version" : "0.5.0",
    "total_building_area" : 9.3599999999999994,
    "total_lifecycle_cost" : 0.0,
    "total_site_energy" : 3141.6666666666665,
    "total_site_eui" : 335.64814814814821,
    "units" : "SI",
    "unmet_hours_during_cooling" : 1987.8299999999999,
    "unmet_hours_during_heating" : 0.0,
    "unmet_hours_during_occupied_cooling" : 1987.8299999999999,
    "unmet_hours_during_occupied_heating" : 0.0,
    "unmet_hours_tolerance_cooling" : 0.20000000000000001,
    "unmet_hours_tolerance_heating" : 0.20000000000000001,
    "utility_bills_rates_section" : true,
    "wall_construction" : 54.919999999999987,
    "water_use_section" : true,
    "win_construction" : 1.0,
    "zone_condition_section" : true,
    "zone_equipment_detail_section" : true,
    "zone_max_hours_over_55_rh" : 6774.0,
    "zone_max_hours_over_70_rh" : 2297.0,
    "zone_summary_section" : true
  }
}