{
  "ideal_air_loads_zone_hvac" : 
  {
    "add_meters" : false,
    "applicable" : true,
    "availability_schedule" : "Default Always On",
    "cooling_availability_schedule" : "Default Always On",
    "cooling_limit_type" : "NoLimit",
    "cooling_sensible_heat_ratio" : 0.69999999999999996,
    "dehumid_type" : "ConstantSensibleHeatRatio",
    "economizer_type" : "NoEconomizer",
    "enable_dcv" : false,
    "heat_recovery_type" : "None",
    "heating_availability_schedule" : "Default Always On",
    "heating_limit_type" : "NoLimit",
    "humid_type" : "None",
    "include_outdoor_air" : true,
    "latent_effectiveness" : 0.65000000000000002,
    "sensible_effectiveness" : 0.69999999999999996
  },
  "site_zone_results" : 
  {
    "applicable" : true
  }
}