datetime,Zone Packaged Terminal Air Conditioner Electricity Energy_CORE_ZN_TZONE PTAC(kWh),Zone Packaged Terminal Air Conditioner Electricity Energy_PERIMETER_ZN_1_TZONE PTAC(kWh),Zone Packaged Terminal Air Conditioner Electricity Energy_PERIMETER_ZN_2_TZONE PTAC(kWh),Zone Packaged Terminal Air Conditioner Electricity Energy_PERIMETER_ZN_3_TZONE PTAC(kWh),Zone Packaged Terminal Air Conditioner Electricity Energy_PERIMETER_ZN_4_TZONE PTAC(kWh),Zone Packaged Terminal Air Conditioner Sensible Heating Energy_CORE_ZN_TZONE PTAC(kWh),Zone Packaged Terminal Air Conditioner Sensible Heating Energy_PERIMETER_ZN_1_TZONE PTAC(kWh),Zone Packaged Terminal Air Conditioner Sensible Heating Energy_PERIMETER_ZN_2_TZONE PTAC(kWh),Zone Packaged Terminal Air Conditioner Sensible Heating Energy_PERIMETER_ZN_3_TZONE PTAC(kWh),Zone Packaged Terminal Air Conditioner Sensible Heating Energy_PERIMETER_ZN_4_TZONE PTAC(kWh),Zone Thermostat Cooling Setpoint Temperature_ATTIC_TZONE(C),Zone Thermostat Cooling Setpoint Temperature_CORE_ZN_TZONE(C),Zone Thermostat Cooling Setpoint Temperature_PERIMETER_ZN_1_TZONE(C),Zone Thermostat Cooling Setpoint Temperature_PERIMETER_ZN_2_TZONE(C),Zone Thermostat Cooling Setpoint Temperature_PERIMETER_ZN_3_TZONE(C),Zone Thermostat Cooling Setpoint Temperature_PERIMETER_ZN_4_TZONE(C),Site Wind Direction_Environment(deg),Zone Packaged Terminal Air Conditioner Total Cooling Rate_CORE_ZN_TZONE PTAC(W),Zone Packaged Terminal Air Conditioner Total Cooling Rate_PERIMETER_ZN_1_TZONE PTAC(W),Zone Packaged Terminal Air Conditioner Total Cooling Rate_PERIMETER_ZN_2_TZONE PTAC(W),Zone Packaged Terminal Air Conditioner Total Cooling Rate_PERIMETER_ZN_3_TZONE PTAC(W),Zone Packaged Terminal Air Conditioner Total Cooling Rate_PERIMETER_ZN_4_TZONE PTAC(W),Zone Packaged Terminal Air Conditioner Latent Heating Energy_CORE_ZN_TZONE PTAC(kWh),Zone Packaged Terminal Air Conditioner Latent Heating Energy_PERIMETER_ZN_1_TZONE PTAC(kWh),Zone Packaged Terminal Air Conditioner Latent Heating Energy_PERIMETER_ZN_2_TZONE PTAC(kWh),Zone Packaged Terminal Air Conditioner Latent Heating Energy_PERIMETER_ZN_3_TZONE PTAC(kWh),Zone Packaged Terminal Air Conditioner Latent Heating Energy_PERIMETER_ZN_4_TZONE PTAC(kWh),Zone Operative Temperature_ATTIC_TZONE(C),Zone Operative Temperature_CORE_ZN_TZONE(C),Zone Operative Temperature_PERIMETER_ZN_1_TZONE(C),Zone Operative Temperature_PERIMETER_ZN_2_TZONE(C),Zone Operative Temperature_PERIMETER_ZN_3_TZONE(C),Zone Operative Temperature_PERIMETER_ZN_4_TZONE(C),Zone Mean Radiant Temperature_ATTIC_TZONE(C),Zone Mean Radiant Temperature_CORE_ZN_TZONE(C),Zone Mean Radiant Temperature_PERIMETER_ZN_1_TZONE(C),Zone Mean Radiant Temperature_PERIMETER_ZN_2_TZONE(C),Zone Mean Radiant Temperature_PERIMETER_ZN_3_TZONE(C),Zone Mean Radiant Temperature_PERIMETER_ZN_4_TZONE(C),Zone Air Relative Humidity_ATTIC_TZONE(%),Zone Air Relative Humidity_CORE_ZN_TZONE(%),Zone Air Relative Humidity_PERIMETER_ZN_1_TZONE(%),Zone Air Relative Humidity_PERIMETER_ZN_2_TZONE(%),Zone Air Relative Humidity_PERIMETER_ZN_3_TZONE(%),Zone Air Relative Humidity_PERIMETER_ZN_4_TZONE(%),Zone Packaged Terminal Air Conditioner Latent Cooling Energy_CORE_ZN_TZONE PTAC(kWh),Zone Packaged Terminal Air Conditioner Latent Cooling Energy_PERIMETER_ZN_1_TZONE PTAC(kWh),Zone Packaged Terminal Air Conditioner Latent Cooling Energy_PERIMETER_ZN_2_TZONE PTAC(kWh),Zone Packaged Terminal Air Conditioner Latent Cooling Energy_PERIMETER_ZN_3_TZONE PTAC(kWh),Zone Packaged Terminal Air Conditioner Latent Cooling Energy_PERIMETER_ZN_4_TZONE PTAC(kWh),Site Outdoor Air Drybulb Temperature_Environment(C),Site Outdoor Air Relative Humidity_Environment(%),Zone Packaged Terminal Air Conditioner Total Heating Rate_CORE_ZN_TZONE PTAC(W),Zone Packaged Terminal Air Conditioner Total Heating Rate_PERIMETER_ZN_1_TZONE PTAC(W),Zone Packaged Terminal Air Conditioner Total Heating Rate_PERIMETER_ZN_2_TZONE PTAC(W),Zone Packaged Terminal Air Conditioner Total Heating Rate_PERIMETER_ZN_3_TZONE PTAC(W),Zone Packaged Terminal Air Conditioner Total Heating Rate_PERIMETER_ZN_4_TZONE PTAC(W),Zone Mean Air Dewpoint Temperature_ATTIC_TZONE(C),Zone Mean Air Dewpoint Temperature_CORE_ZN_TZONE(C),Zone Mean Air Dewpoint Temperature_PERIMETER_ZN_1_TZONE(C),Zone Mean Air Dewpoint Temperature_PERIMETER_ZN_2_TZONE(C),Zone Mean Air Dewpoint Temperature_PERIMETER_ZN_3_TZONE(C),Zone Mean Air Dewpoint Temperature_PERIMETER_ZN_4_TZONE(C),Zone Air Humidity Ratio_ATTIC_TZONE(fraction),Zone Air Humidity Ratio_CORE_ZN_TZONE(fraction),Zone Air Humidity Ratio_PERIMETER_ZN_1_TZONE(fraction),Zone Air Humidity Ratio_PERIMETER_ZN_2_TZONE(fraction),Zone Air Humidity Ratio_PERIMETER_ZN_3_TZONE(fraction),Zone Air Humidity Ratio_PERIMETER_ZN_4_TZONE(fraction),Zone Air Temperature_ATTIC_TZONE(C),Zone Air Temperature_CORE_ZN_TZONE(C),Zone Air Temperature_PERIMETER_ZN_1_TZONE(C),Zone Air Temperature_PERIMETER_ZN_2_TZONE(C),Zone Air Temperature_PERIMETER_ZN_3_TZONE(C),Zone Air Temperature_PERIMETER_ZN_4_TZONE(C),Zone Packaged Terminal Air Conditioner Sensible Cooling Energy_CORE_ZN_TZONE PTAC(kWh),Zone Packaged Terminal Air Conditioner Sensible Cooling Energy_PERIMETER_ZN_1_TZONE PTAC(kWh),Zone Packaged Terminal Air Conditioner Sensible Cooling Energy_PERIMETER_ZN_2_TZONE PTAC(kWh),Zone Packaged Terminal Air Conditioner Sensible Cooling Energy_PERIMETER_ZN_3_TZONE PTAC(kWh),Zone Packaged Terminal Air Conditioner Sensible Cooling Energy_PERIMETER_ZN_4_TZONE PTAC(kWh),Zone Packaged Terminal Air Conditioner Total Cooling Energy_CORE_ZN_TZONE PTAC(kWh),Zone Packaged Terminal Air Conditioner Total Cooling Energy_PERIMETER_ZN_1_TZONE PTAC(kWh),Zone Packaged Terminal Air Conditioner Total Cooling Energy_PERIMETER_ZN_2_TZONE PTAC(kWh),Zone Packaged Terminal Air Conditioner Total Cooling Energy_PERIMETER_ZN_3_TZONE PTAC(kWh),Zone Packaged Terminal Air Conditioner Total Cooling Energy_PERIMETER_ZN_4_TZONE PTAC(kWh),Zone Thermostat Heating Setpoint Temperature_ATTIC_TZONE(C),Zone Thermostat Heating Setpoint Temperature_CORE_ZN_TZONE(C),Zone Thermostat Heating Setpoint Temperature_PERIMETER_ZN_1_TZONE(C),Zone Thermostat Heating Setpoint Temperature_PERIMETER_ZN_2_TZONE(C),Zone Thermostat Heating Setpoint Temperature_PERIMETER_ZN_3_TZONE(C),Zone Thermostat Heating Setpoint Temperature_PERIMETER_ZN_4_TZONE(C),Site Sky Temperature_Environment(C),Zone Packaged Terminal Air Conditioner Electricity Rate_CORE_ZN_TZONE PTAC(W),Zone Packaged Terminal Air Conditioner Electricity Rate_PERIMETER_ZN_1_TZONE PTAC(W),Zone Packaged Terminal Air Conditioner Electricity Rate_PERIMETER_ZN_2_TZONE PTAC(W),Zone Packaged Terminal Air Conditioner Electricity Rate_PERIMETER_ZN_3_TZONE PTAC(W),Zone Packaged Terminal Air Conditioner Electricity Rate_PERIMETER_ZN_4_TZONE PTAC(W),Zone Packaged Terminal Air Conditioner Total Heating Energy_CORE_ZN_TZONE PTAC(kWh),Zone Packaged Terminal Air Conditioner Total Heating Energy_PERIMETER_ZN_1_TZONE PTAC(kWh),Zone Packaged Terminal Air Conditioner Total Heating Energy_PERIMETER_ZN_2_TZONE PTAC(kWh),Zone Packaged Terminal Air Conditioner Total Heating Energy_PERIMETER_ZN_3_TZONE PTAC(kWh),Zone Packaged Terminal Air Conditioner Total Heating Energy_PERIMETER_ZN_4_TZONE PTAC(kWh),Site Outdoor Air Dewpoint Temperature_Environment(C),Zone Thermostat Air Temperature_ATTIC_TZONE(C),Zone Thermostat Air Temperature_CORE_ZN_TZONE(C),Zone Thermostat Air Temperature_PERIMETER_ZN_1_TZONE(C),Zone Thermostat Air Temperature_PERIMETER_ZN_2_TZONE(C),Zone Thermostat Air Temperature_PERIMETER_ZN_3_TZONE(C),Zone Thermostat Air Temperature_PERIMETER_ZN_4_TZONE(C)
2017-07-21T00:00:00-05:00,0.2597429965324333,0.26523790767071787,0.1318239133918977,0.28037465611675033,0.15087172505854496,0.0,0.0,0.0,0.0,0.0,0.0,25.0,25.0,25.0,25.0,25.0,140.0,343.4584831139038,355.0697228669612,230.4563719938823,374.5311259977735,251.25433266044118,0.0,0.0,0.0,0.0,0.0,26.66305140636679,25.319900128728108,25.358835061796913,25.368307488409027,25.373847213289263,25.392578416517626,26.526164235851734,25.639790288168488,25.71765793497049,25.736605817045525,25.747681684227715,25.785146500519,77.05069238248201,51.524039356220236,50.71414580135181,42.13142186830516,50.73114592066355,43.2275809804747,0.019426789637382286,0.016612824904323396,0.006272247101370506,0.017094651702236053,0.006945790647239505,27.471500000000002,74.07114221170933,0.0,0.0,0.0,0.0,0.0,22.439284814447856,14.326883679328065,14.082405859768278,11.255898810668226,14.087572362652907,11.643703956604059,0.017157190317592722,0.010201245603484977,0.010038308247728563,0.00831673447820092,0.010041727871605398,0.008536086390851893,26.799938576881846,25.00000996928773,25.00001218862334,25.000009159772528,25.000012742350815,25.00001033251625,0.3240316934765215,0.3384568979626378,0.22418412489251174,0.3574364742955374,0.2443085420132017,0.3434584831139038,0.3550697228669612,0.2304563719938823,0.37453112599777355,0.2512543326604412,0.0,0.0,0.0,0.0,0.0,0.0,15.273960656038923,259.7429965324334,265.2379076707179,131.82391339189772,280.3746561167504,150.87172505854494,0.0,0.0,0.0,0.0,0.0,22.438474297208256,23.0,25.00000996928773,25.00001218862334,25.000009159772528,25.000012742350815,25.00001033251625
2017-07-21T01:00:00-05:00,0.17172210830286955,0.18543446804603517,0.09103212082117537,0.19718767277464008,0.10212539957250327,0.0,0.0,0.0,0.0,0.0,0.0,25.0,25.0,25.0,25.0,25.0,140.0,230.32585423171165,251.37222753920983,160.72708450124162,266.6574916633427,171.80192512608764,0.0,0.0,0.0,0.0,0.0,26.331601102658908,25.23354101772703,25.273954873206776,25.278264879417964,25.2869511616843,25.292265457473622,26.20156526496157,25.46707510204713,25.5479007235368,25.55652317922339,25.573892815547836,25.584523580603022,78.59676797206,51.3153995186139,50.47635521547249,41.97889198925166,50.486724399239755,43.060746255622526,0.013943204800529978,0.012478157414994827,0.004697040306571632,0.012881347332807958,0.0051186182683272494,27.14766666666667,75.48600774900397,0.0,0.0,0.0,0.0,0.0,22.438553668642257,14.264230805578547,14.009977858068252,11.201235227310065,14.013142386820865,11.58524465622646,0.01715640691027415,0.010159260271685943,0.009990482106042834,0.008286222644225164,0.009992567690281543,0.00850268978584936,26.461636940356257,25.000006933406926,25.000009022876757,25.000006579612535,25.000009507820767,25.000007334344218,0.21638264943118166,0.23889407012421499,0.15603004419467,0.25377614433053475,0.1666833068577604,0.2303258542317116,0.2513722275392098,0.16072708450124165,0.2666574916633427,0.17180192512608763,0.0,0.0,0.0,0.0,0.0,0.0,14.963141190298586,171.72210830286954,185.43446804603516,91.03212082117538,197.18767277464008,102.12539957250327,0.0,0.0,0.0,0.0,0.0,22.43790325172843,23.0,25.000006933406926,25.000009022876757,25.000006579612535,25.000009507820767,25.000007334344218
2017-07-21T02:00:00-05:00,0.10980296999232905,0.1278297804273115,0.06174439076435269,0.13752380275210463,0.06823912681746128,0.0,0.0,0.0,0.0,0.0,0.0,25.0,25.0,25.0,25.0,25.0,140.0,148.73387854241935,174.73664768561375,109.76058678113837,187.49060248176804,115.59982924232453,0.0,0.0,0.0,0.0,0.0,26.076951982087497,25.164632846549427,25.205786963511333,25.206257885628208,25.21779756210964,25.214254512948955,25.95179020515039,25.329261066855526,25.411567406983583,25.41251114838053,25.435588167672744,25.42850392272997,79.80657746808187,51.16930080871603,50.300506290094035,41.86673220772345,50.30486588541211,42.939603790296225,0.009401047111680107,0.00895094993263804,0.003343250774134404,0.009321499173885367,0.0036000135742127693,26.918750000000003,76.50496726352158,0.0,0.0,0.0,0.0,0.0,22.43799052812314,14.220224190144892,13.95622265681773,11.160927552173328,13.957557450509492,11.54267052573558,0.01715580326471497,0.010129863490313305,0.009955118678842865,0.008263788257710803,0.00995599560683663,0.008478441972580445,26.202113759024602,25.000004626243335,25.00000652003909,25.000004622875892,25.000006956546542,25.00000510316794,0.13933283143073924,0.16578569775297572,0.10641733600700397,0.17816910330788266,0.11199981566811175,0.14873387854241935,0.17473664768561376,0.10976058678113834,0.187490602481768,0.11559982924232454,0.0,0.0,0.0,0.0,0.0,0.0,14.743423987890727,109.80296999232905,127.8297804273115,61.74439076435269,137.52380275210464,68.23912681746128,0.0,0.0,0.0,0.0,0.0,22.437498851696592,23.0,25.000004626243335,25.00000652003909,25.000004622875892,25.000006956546542,25.00000510316794
2017-07-21T03:00:00-05:00,0.06637559331652469,0.0857338747314113,0.04050042289712145,0.09404579567894146,0.044286919345815565,0.0,0.0,0.0,0.0,0.0,0.0,25.0,25.0,25.0,25.0,25.0,140.0,90.78199846488513,118.16942845937479,72.44768417189242,129.25962642183273,75.51657490438937,0.0,0.0,0.0,0.0,0.0,25.88135936067465,25.108494913883863,25.14983775275603,25.147340691416343,25.16148611154384,25.151831928618225,25.760833546752504,25.216986924773774,25.299670953152965,25.294678248870152,25.32296727078437,25.3036604220961,80.75450138900858,51.07209904117554,50.17422863863262,41.78727417753601,50.172598458149956,42.854494564386506,0.00603588665787227,0.006321376737957422,0.00231489513290203,0.0066987209430440856,0.0024779563457258064,26.717750000000006,77.41282129305026,0.0,0.0,0.0,0.0,0.0,22.437552133768026,14.190883947161366,13.91751817207286,11.132313876340673,13.917018042859182,11.512695889472761,0.017155333311180083,0.010110306783947946,0.009929726510728184,0.008247895787950084,0.009929399033414985,0.008461407587562685,26.001885174596797,25.00000290299396,25.000004552359105,25.000003133962537,25.000004952303318,25.000003435140354,0.08474611180701287,0.11184805172141737,0.0701327890389904,0.12256090547878863,0.07303861855866359,0.09078199846488515,0.1181694284593748,0.07244768417189243,0.12925962642183272,0.07551657490438939,0.0,0.0,0.0,0.0,0.0,0.0,14.550501788704736,66.3755933165247,85.73387473141128,40.500422897121446,94.04579567894145,44.28691934581556,0.0,0.0,0.0,0.0,0.0,22.437144260614016,23.0,25.00000290299396,25.000004552359105,25.000003133962537,25.000004952303318,25.000003435140354
2017-07-21T04:00:00-05:00,0.035074573777590816,0.05378877303927452,0.024502383000577853,0.06090409841922222,0.026639778041477283,0.0,0.0,0.0,0.0,0.0,0.0,25.0,25.0,25.0,25.0,25.0,140.0,48.38484304479375,74.67826613553517,44.062089190634936,84.30168039155292,45.67959735281286,0.0,0.0,0.0,0.0,0.0,25.717815930296737,25.058160770988696,25.100926937248005,25.095812298723924,25.112581061986713,25.09818417928446,25.6007929927334,25.116319938500848,25.20185090192436,25.191622630727853,25.225158790183446,25.196366209613178,81.55507764758671,51.01278183209856,50.08678731020107,41.73376058928663,50.07887701937483,42.79733318859632,0.0033772203162277473,0.004169112654305581,0.0014726684201495578,0.004550713010353902,0.0015744763086012483,26.55583333333334,78.1527221354224,0.0,0.0,0.0,0.0,0.0,22.437184876624244,14.172954839104344,13.890666150876049,11.113015762493406,13.888235356780312,11.49253442650572,0.01715493971896963,0.010098372814348363,0.00991214457873679,0.008237192923619506,0.009910554484500157,0.008449967362703708,25.834838867860082,25.000001603476548,25.000002972571654,25.000001966719992,25.000003333789977,25.00000214895573,0.045007622728566,0.07050915348122959,0.04258942077048539,0.07975096738119904,0.04410512104421162,0.04838484304479375,0.07467826613553517,0.04406208919063494,0.08430168039155293,0.04567959735281287,0.0,0.0,0.0,0.0,0.0,0.0,14.395092273593216,35.074573777590814,53.788773039274524,24.50238300057785,60.90409841922224,26.639778041477275,0.0,0.0,0.0,0.0,0.0,22.436858439732408,23.0,25.000001603476548,25.000002972571654,25.000001966719992,25.000003333789977,25.00000214895573
2017-07-21T05:00:00-05:00,0.01965368178816931,0.03750491479161285,0.018729439390747227,0.04563690255891841,0.017534674852103437,0.0,0.0,0.0,0.0,0.0,0.0,25.0,25.0,25.0,25.0,25.0,140.0,27.04040607924111,51.877612314940755,33.62549373328454,62.91467464019331,30.014612144579313,0.0,0.0,0.0,0.0,0.0,25.619433509582553,25.02990605943306,25.07556437832439,25.076428249356727,25.09055030712427,25.069967582762775,25.50241637807512,25.059811192460007,25.151126606961625,25.152854947936586,25.181098046501376,25.139933700340265,82.03062726967475,50.98135550595871,50.030750103554304,41.70037837914281,50.01668238977114,42.762253371467246,0.0018405730560357555,0.0027565722122430514,0.001079189038431841,0.0032055133178463114,0.0009949732411713085,26.578166666666675,78.0501521649834,0.0,0.0,0.0,0.0,0.0,22.43696927421062,14.163448126272135,13.873436784124863,11.10096673926448,13.869108644387223,11.480149723672925,0.017154708802045476,0.010092050296899621,0.009900878018943016,0.008230516765077321,0.009898049872158575,0.008442946803497,25.73645064109,25.000000926406106,25.000002149687152,25.000001550776876,25.00000256774717,25.000001465185292,0.025199833023205356,0.0491210401026977,0.0325463046948527,0.05970916132234701,0.029019638903407998,0.02704040607924111,0.05187761231494075,0.03362549373328454,0.0629146746401933,0.030014612144579306,0.0,0.0,0.0,0.0,0.0,0.0,14.416527891306819,19.65368178816931,37.50491479161285,18.729439390747224,45.636902558918415,17.534674852103436,0.0,0.0,0.0,0.0,0.0,22.436897073861147,23.0,25.000000926406106,25.000002149687152,25.000001550776876,25.00000256774717,25.000001465185292
2017-07-21T06:00:00-05:00,0.4100125481468011,0.3415773113795466,0.21388441348761889,0.29863774288624495,0.2855487793338807,0.0,0.0,0.0,0.0,0.0,0.0,25.0,25.0,25.0,25.0,25.0,140.0,555.7009601366034,465.7277336700802,380.6802685848015,404.4420601965573,486.98531357721646,0.0,0.0,0.0,0.0,0.0,25.939588698066032,25.46358232102941,25.4429807970143,25.54984440099479,25.41051146750095,25.64784479596592,25.909357789035113,25.927151511002705,25.885947870426733,26.09967516799973,25.821010097290458,26.29567358818711,80.9108867700773,50.8629473577823,49.91608550391292,41.592691867071494,49.902540405514884,42.657306679697825,0.027201510725970317,0.016093868316251623,0.008631067477518583,0.013389954279333701,0.010590979451056201,26.90758333333334,76.55725558182402,0.0,0.0,0.0,0.0,0.0,22.437106195417755,14.127571933984795,13.838124039463295,11.06203351051065,13.833951753128536,11.44303614957847,0.017154855615376535,0.010068239337090215,0.009877833179336725,0.008208988136923853,0.009875109530228016,0.008421953470338589,25.969819607096948,25.000013131056107,25.00001372360187,25.00001363398985,25.00001283771144,25.00001600374472,0.5284994494106331,0.4496338653538287,0.37204920110728296,0.39105210591722356,0.4763943341261602,0.5557009601366033,0.46572773367008025,0.3806802685848016,0.40444206019655726,0.48698531357721647,0.0,0.0,0.0,0.0,0.0,0.0,14.732706325246085,410.01254814680107,341.5773113795467,213.88441348761887,298.63774288624495,285.54877933388065,0.0,0.0,0.0,0.0,0.0,22.4374801598422,23.0,25.000013131056107,25.00001372360187,25.00001363398985,25.00001283771144,25.00001600374472
2017-07-21T07:00:00-05:00,1.8344285705043504,1.429555381308371,0.7433398515993975,1.0535346994871087,1.4359569672168202,0.0,0.0,0.0,0.0,0.0,0.0,25.0,25.0,25.0,25.0,25.0,140.0,2407.4366275151892,1897.8920869953527,1294.8080720969726,1372.6065832106922,2451.5966467959947,0.011432363243566746,0.01650722848119934,0.0028883769001209316,0.012616384081776743,0.010788655094630372,27.287216574488536,26.45408157306196,26.32377766805512,26.444809683118624,26.06277395403593,27.24404302373357,27.458404196531646,27.908140417331975,27.647533552337418,27.889591981142743,27.125525946327688,29.488059033260967,75.65437459304572,50.50008417209781,49.717113704983376,41.377463154972716,49.752801796000995,42.42309894963611,0.019668229021072948,0.006549270111923116,0.004584581790316311,0.00427257920262872,0.005424673054074068,27.767416666666673,72.81632341800247,0.0,0.0,0.0,0.0,0.0,22.43779323656075,14.017232848558834,13.77669914714514,10.983991757167038,13.787738106427172,11.359963302855954,0.017155591756115366,0.00999526236159255,0.00983784070058065,0.00816595813073406,0.009845014328155969,0.008375095893398415,27.116028952445408,25.00002272879195,25.000021783772823,25.000027385094512,25.000021961744164,25.000027014206182,2.3992007617376827,1.907850045364629,1.293111867206777,1.3809503880898402,2.456960628836551,2.4074366275151893,1.8978920869953526,1.2948080720969726,1.3726065832106922,2.4515966467959944,0.0,0.0,0.0,0.0,0.0,0.0,15.55798619652945,1834.4285705043505,1429.555381308371,743.3398515993977,1053.5346994871088,1435.95696721682,0.0,0.0,0.0,0.0,0.0,22.43899843211457,23.0,25.00002272879195,25.000021783772823,25.000027385094512,25.000021961744164,25.000027014206182
2017-07-21T08:00:00-05:00,3.2314156864823627,2.474683232022945,1.3815517440354117,1.9760225234187974,2.5890482551178646,0.0,0.0,0.0,0.0,0.0,0.0,25.0,25.0,25.0,25.0,25.0,140.0,4100.928936845617,3193.8869830627737,2346.073618779557,2483.473636588384,4414.675255915474,0.11560011992157097,0.09364433707196992,0.033273917760520896,0.08391262162478996,0.05504200729719006,29.600744329751464,27.22473033406428,27.00632199333262,27.28451656740202,26.689976414680682,28.514194336839903,29.939126708413664,29.449484561287473,29.01267015205103,29.569033149936317,28.379965300563374,32.028443652678064,66.81834369087761,51.09819508006901,50.46441523978268,41.75094398045616,50.41370524884187,43.0913389901122,0.0,0.0,0.0,0.0,0.0,28.984583333333337,67.85595398753055,0.0,0.0,0.0,0.0,0.0,22.43927612533855,14.198439457432974,14.005961763832895,11.11902742501554,13.990525765514612,11.595599570476281,0.01715718119464078,0.010115548013607412,0.009988067954366051,0.008240631546241729,0.009977877503760434,0.008508786998061861,29.262361951089275,24.99997610684109,24.999973834614213,24.999999984867724,24.99998752879799,24.999945021001736,4.216529056767188,3.287531320134743,2.379347536540078,2.567386258213174,4.469717263212663,4.100928936845617,3.1938869830627734,2.346073618779557,2.483473636588384,4.414675255915474,0.0,0.0,0.0,0.0,0.0,0.0,16.726243858549413,3231.415686482363,2474.6832320229446,1381.5517440354117,1976.0225234187974,2589.0482551178643,0.0,0.0,0.0,0.0,0.0,22.44115310836162,23.0,24.99997610684109,24.999973834614213,24.999999984867724,24.99998752879799,24.999945021001736
2017-07-21T09:00:00-05:00,4.134613036506539,3.115438678010374,1.8934649111180424,2.782461403452656,3.246460066582898,0.0,0.0,0.0,0.0,0.0,0.0,25.0,25.0,25.0,25.0,25.0,140.0,5126.474038074804,3925.9431383069896,3145.600987830094,3437.7450077245608,5460.879481002049,0.14526514104046676,0.10854931746130926,0.04734945104718865,0.1106771234470711,0.05893809370782932,32.300812234091815,27.63925870493559,27.355909476924165,27.837146571854635,27.15420943533476,29.120156485415265,32.75129307081568,30.278565808677,29.711864643803096,30.674315095255803,29.30845765108123,33.24039166982107,57.63540026437158,52.444142906963066,51.82637584116028,42.683428153520005,51.786815018798826,44.158740668985395,0.0,0.0,0.0,0.0,0.0,30.17941666666667,63.348919886365,0.0,0.0,0.0,0.0,0.0,22.44124894990855,14.600146842589297,14.416868727263846,11.451973975288388,14.405028756272516,11.966038574300137,0.01715929574768435,0.01038643185788934,0.010262067612547741,0.008427166039977261,0.01025411054665573,0.008722498069255666,31.850331397367967,24.999951601194187,24.999954310045226,24.99997804845346,24.999961219588283,24.99992130100946,5.271739179115271,4.034492455768299,3.1929504388772822,3.5484221311716317,5.519817574709879,5.1264740380748055,3.9259431383069896,3.1456009878300937,3.4377450077245606,5.46087948100205,0.0,0.0,0.0,0.0,0.0,0.0,17.87306932267499,4134.61303650654,3115.438678010374,1893.4649111180424,2782.461403452656,3246.460066582898,0.0,0.0,0.0,0.0,0.0,22.44326853293003,23.0,24.999951601194187,24.999954310045226,24.99997804845346,24.999961219588283,24.99992130100946
2017-07-21T10:00:00-05:00,4.6852034758571035,3.4793230646577924,2.1742153788266525,3.439743528093181,3.3900071925550974,0.0,0.0,0.0,0.0,0.0,0.0,25.0,25.0,25.0,25.0,25.0,140.0,5657.7502002780975,4259.738582943152,3524.1821403979484,4191.840375644396,5525.388566956696,0.13221336519286378,0.09757636360468253,0.04335676753881634,0.10224357781414138,0.051183488176189104,34.82092184771511,27.85240573396945,27.519604854929213,28.07094791046897,27.49383147427892,29.161468063617864,35.34872247777952,30.704474239651404,30.03925495066389,31.141918568866647,29.987709676944405,33.32300468445987,50.247668162222965,53.73043997934736,53.09253009645672,43.625632758317785,53.1268403811396,45.101447157690735,0.0,0.0,0.0,0.0,0.0,31.240250000000003,59.629624064860785,0.0,0.0,0.0,0.0,0.0,22.44323279567037,14.976226591179584,14.790593822365542,11.782154404480911,14.800578906461107,12.286781988807695,0.017161422335420548,0.010645788233829839,0.010517013839582914,0.008615764551648707,0.010523925113093973,0.008911378881792748,34.29312121765073,25.000337228287492,24.99995475919455,24.9999772520713,24.999953271613435,24.99993144277587,5.789963565470961,4.357314946547835,3.567538907936764,4.2940839534585376,5.576572055132887,5.657750200278098,4.259738582943152,3.524182140397948,4.191840375644397,5.525388566956697,0.0,0.0,0.0,0.0,0.0,0.0,18.891283265233948,4685.203475857103,3479.3230646577927,2174.2153788266523,3439.743528093181,3390.007192555098,0.0,0.0,0.0,0.0,0.0,22.445152657357507,23.0,25.000337228287492,24.99995475919455,24.9999772520713,24.999953271613435,24.99993144277587
2017-07-21T11:00:00-05:00,5.069950501398303,3.722918105895648,2.2142893204808174,3.9401742018476615,3.0919735376744173,0.0,0.0,0.0,0.0,0.0,0.0,25.0,25.0,25.0,25.0,25.0,140.0,6000.531470201534,4456.750921937668,3500.8055661536196,4755.243771213355,4835.730765384574,0.10246033192398234,0.07558196340519287,0.0325210313925462,0.0792619079270095,0.03636688485831443,36.878997738159335,27.983408616038655,27.614063874774818,28.03582235666283,27.731241590959282,28.774869456929707,37.444309759240205,30.965846992043996,30.228146257499763,31.071632639373806,30.46147030858516,32.54975519945755,44.935337645830884,54.764769560081106,54.111748818654526,44.376888401626815,54.181686582116065,45.84179594470299,0.0,0.0,0.0,0.0,0.0,32.04983333333333,56.954356878879686,0.0,0.0,0.0,0.0,0.0,22.445011392155568,15.27331211058008,15.085871370676687,12.041038160944785,15.106891221914795,12.534652528187097,0.017163329072888936,0.010854710559181467,0.010722403390282341,0.008766239797804063,0.010737172290959466,0.00905981787813939,36.313685717078485,25.000970240033308,24.999981492049873,25.000012073951854,25.001012873333398,24.999983714401875,6.1029918021255165,4.532332885342861,3.5333265975461656,4.834505679140364,4.872097650242887,6.000531470201534,4.456750921937668,3.5008055661536193,4.7552437712133555,4.835730765384573,0.0,0.0,0.0,0.0,0.0,0.0,19.66834278021393,5069.950501398303,3722.918105895648,2214.2893204808174,3940.174201847661,3091.9735376744175,0.0,0.0,0.0,0.0,0.0,22.446588651150915,23.0,25.000970240033308,24.999981492049873,25.000012073951854,25.001012873333398,24.999983714401875
2017-07-21T12:00:00-05:00,5.125592421577453,3.807676260153805,2.176480312782055,4.179908531218661,2.5253275656457617,0.0,0.0,0.0,0.0,0.0,0.0,25.0,25.0,25.0,25.0,25.0,140.0,5917.874021153296,4456.675170554659,3367.0104966834533,4967.453744678153,3773.546321924868,0.08586121889284323,0.06390819363851066,0.027211245902600392,0.06732184307924034,0.028331934883620836,38.2582179346768,27.956827543914088,27.621422172671007,27.94413988100491,27.821882098014328,28.159221852565008,38.828871894227575,30.912453566693998,30.24257059707315,30.88823950036009,30.6416250665405,31.318418769655466,41.687068958958896,55.487568472716134,54.82737691123114,44.899698125867616,54.904372224426886,46.35313852664836,0.0,0.0,0.0,0.0,0.0,32.64166666666667,55.08658132867124,0.0,0.0,0.0,0.0,0.0,22.44641426094961,15.477776029218445,15.290502647732557,12.21890016331688,15.314079984567512,12.703769424734313,0.017164833094374807,0.011000660080674185,0.010866876562401687,0.008871003168340523,0.01088363941485204,0.009162386432041246,37.68756397512603,25.001201521134174,25.000273748268864,25.00004026164972,25.00213912948816,25.000024935474546,6.003735240046138,4.52058336419317,3.394221742586054,5.034775587757394,3.8018782568084895,5.917874021153295,4.456675170554659,3.367010496683453,4.967453744678153,3.773546321924869,0.0,0.0,0.0,0.0,0.0,0.0,20.23640152752833,5125.592421577453,3807.676260153805,2176.4803127820546,4179.908531218661,2525.327565645762,0.0,0.0,0.0,0.0,0.0,22.447639954665323,23.0,25.001201521134174,25.000273748268864,25.00004026164972,25.00213912948816,25.000024935474546
2017-07-21T13:00:00-05:00,5.379184695657286,4.042605858284903,2.6216133068612457,4.25836749699498,2.332810720557171,0.0,0.0,0.0,0.0,0.0,0.0,25.0,25.0,25.0,25.0,25.0,140.0,6165.466064503248,4702.400418482357,4065.4739565732175,5037.701424047584,3404.978596409091,0.062298376075314535,0.04561727112820623,0.022275611100293413,0.05355738307883575,0.020162147117728714,39.06429336061382,28.07691464045682,27.714954651353164,28.348075536803176,28.003037194777644,27.96854060458524,39.60894148674266,31.121125667784952,30.428678550050638,31.696117091066768,30.856702405484597,30.937051151535666,39.85110406977918,55.92484252206239,55.36214007359872,45.31280898873897,54.98052996497535,46.74943077831929,0.0,0.0,0.0,0.0,0.0,33.06041666666667,53.8064741572486,0.0,0.0,0.0,0.0,0.0,22.4474879976073,15.629527244841052,15.442574439398628,12.358125042064193,15.472318067209635,12.833682485179489,0.01716598450555491,0.011110121665985885,0.010975372083903872,0.008953794156442454,0.0109967201731042,0.009241885944827466,38.519645234484976,25.0327036131287,25.001230752655697,25.00003398253958,25.149371984070683,25.000030057634813,6.227764440578563,4.748017689610562,4.087749567673511,5.091258807126421,3.4251407435268195,6.165466064503248,4.702400418482356,4.065473956573218,5.037701424047585,3.404978596409091,0.0,0.0,0.0,0.0,0.0,0.0,20.63833032069302,5379.184695657285,4042.6058582849023,2621.6133068612457,4258.367496994981,2332.8107205571714,0.0,0.0,0.0,0.0,0.0,22.44838331935762,23.0,25.0327036131287,25.001230752655697,25.00003398253958,25.149371984070683,25.000030057634813
2017-07-21T14:00:00-05:00,5.454060360556651,4.275032321662187,3.341803773135163,4.268102818719375,2.5619698090838345,0.0,0.0,0.0,0.0,0.0,0.0,25.0,25.0,25.0,25.0,25.0,140.0,6404.585194471513,5035.8093630586445,5303.820649351634,5152.8061783289895,3764.9175896571874,0.032446768181185234,0.014142076892072359,0.006580701755258361,0.020777084226375947,0.006335876920137783,39.25365983847458,28.42561050984006,27.897168756069206,29.033625107543816,28.220821143204002,28.1941973301054,39.77288130786823,31.53651840161523,30.73114053635031,33.06722992657867,31.08682280721476,31.388368843304292,39.39298586596795,55.33583456491224,55.43434303993708,45.53636736237758,54.67277444126834,46.97332358819346,0.0,0.0,0.0,0.0,0.0,33.199999999999996,53.386877380924695,0.0,0.0,0.0,0.0,0.0,22.448181407805183,15.726220759915561,15.520422988431436,12.433009439350293,15.575429911222015,12.9066566431546,0.01716672785733128,0.01118037677295867,0.011031279906868507,0.008998600202634295,0.011070956962419672,0.009286805108012743,38.73443836908093,25.314702618064885,25.063196975788102,25.00002028850896,25.35481947919324,25.000025816906515,6.437031962652699,5.049951439950717,5.310401351106893,5.173583262555366,3.771253466577325,6.4045851944715135,5.035809363058644,5.303820649351634,5.152806178328989,3.7649175896571876,0.0,0.0,0.0,0.0,0.0,0.0,20.77230671391635,5454.060360556651,4275.032321662187,3341.8037731351633,4268.102818719375,2561.9698090838347,0.0,0.0,0.0,0.0,0.0,22.44863125714853,23.0,25.314702618064885,25.063196975788102,25.00002028850896,25.35481947919324,25.000025816906515
2017-07-21T15:00:00-05:00,5.441320806310561,4.2701701193117865,3.866757529158681,4.256572625909095,2.7555049969082837,0.0,0.0,0.0,0.0,0.0,0.0,25.0,25.0,25.0,25.0,25.0,140.0,6632.457620588601,5199.009995046606,6323.219408392972,5232.720980273495,4132.205505285988,0.0,0.0,0.0,0.0,0.0,38.69454745822669,28.58734661522735,28.086488546081345,29.560718431887825,28.124162934399255,28.409121906488803,39.15475303565569,31.716127430986962,30.947475737841245,34.12142700286459,30.969610080559505,31.818222446196398,40.4740792008513,54.846130475332096,54.844570257794665,45.447215551399474,54.823585943190494,46.8977254070463,0.03695528992239315,0.02659219769164368,0.019169128347247655,0.03914017843278832,0.015260605306522242,32.9655,54.093725679355295,0.0,0.0,0.0,0.0,0.0,22.448350675863036,15.721026072408355,15.504302105498581,12.403165797680403,15.547787573294272,12.882039427942788,0.017166909791201383,0.011176597142207673,0.011019685895111563,0.008980722869459284,0.011051021735350499,0.009271634075670694,38.23434188079771,25.45856579946774,25.225501354321455,25.000009860911064,25.27871578823901,25.00002136678121,6.595502330666209,5.172417797354962,6.304050280045725,5.1935808018407075,4.116944899979465,6.632457620588601,5.199009995046607,6.323219408392973,5.232720980273495,4.132205505285988,0.0,0.0,0.0,0.0,0.0,0.0,20.547226395940083,5441.32080631056,4270.170119311786,3866.7575291586813,4256.572625909095,2755.5049969082834,0.0,0.0,0.0,0.0,0.0,22.448214706647136,23.0,25.45856579946774,25.225501354321455,25.000009860911064,25.27871578823901,25.00002136678121
2017-07-21T16:00:00-05:00,5.410426037509494,4.246635102585002,3.954393989830842,4.143724892520191,2.743407796390197,0.0,0.0,0.0,0.0,0.0,0.0,25.0,25.0,25.0,25.0,25.0,140.0,6768.354443888547,5349.861981775489,6607.197228209519,5102.456741821467,4194.285506400201,0.0,0.0,0.0,0.0,0.0,37.35260335873207,28.539415882676582,28.165651966815236,29.69300999333777,27.816363317216503,28.432973819925365,37.70354873675164,31.666517573998746,31.044142345330936,34.38601294975314,30.591788887590937,31.865928026877086,43.28125383808335,54.56493744774702,54.25191680807259,45.10614485641727,55.05593257279625,46.55454773660768,0.07934083364018246,0.05467605976936595,0.03184405098067281,0.06914671313664947,0.026730786591723097,32.48533333333334,55.5727806328996,0.0,0.0,0.0,0.0,0.0,22.44797394479467,15.59794158160566,15.392259215185474,12.288593680415602,15.39306221023953,12.769909769460368,0.017166505563002865,0.01108726650366367,0.01093936579397179,0.008912357943778986,0.010939961707836003,0.009202783885428714,37.00165798071249,25.412314191354426,25.28716158829954,25.0000070369224,25.040937746842076,25.00001961297365,6.689013610248365,5.295185922006122,6.575353177228847,5.033310028684818,4.167554719808478,6.768354443888549,5.349861981775488,6.607197228209519,5.1024567418214675,4.1942855064002,0.0,0.0,0.0,0.0,0.0,0.0,20.08634825332456,5410.426037509494,4246.635102585003,3954.3939898308417,4143.72489252019,2743.407796390197,0.0,0.0,0.0,0.0,0.0,22.447362577159584,23.0,25.412314191354426,25.28716158829954,25.0000070369224,25.040937746842076,25.00001961297365
2017-07-21T17:00:00-05:00,5.154612505913816,4.096033848272244,3.502573583228155,3.581199920526032,2.444526732054074,0.0,0.0,0.0,0.0,0.0,0.0,25.0,25.0,25.0,25.0,25.0,140.0,6413.527394170131,5204.210589441534,5886.761570227935,4402.855380300286,3780.2529464628637,0.0,0.0,0.0,0.0,0.0,35.18134117161747,28.05086638148698,27.85373848437249,29.293510757239375,27.48977888173125,28.15807057518136,35.33167710365696,31.028612723297396,30.639943396994152,33.586968136793566,29.97933143770946,31.31609461247645,48.24707513318896,54.926003286995275,54.27886976339255,44.638968071944056,54.51006962001926,46.074764267966,0.10276293753489114,0.0743547640550424,0.031203771989554905,0.06086199604040788,0.02829544173265318,31.87116666666667,57.53183076286735,0.0,0.0,0.0,0.0,0.0,22.447236027784566,15.386092218381485,15.19649074598231,12.130457311906694,15.200136669593467,12.61194124663344,0.017165714347435954,0.010935042072710175,0.010800318884043163,0.008818766732732774,0.010802862990002257,0.009106568540741954,35.03100523957797,25.073120039676564,25.06753357175083,25.000053377685177,25.000226325753037,25.000046537886266,6.310764456635239,5.12985582538649,5.85555779823838,4.341993384259878,3.75195750473021,6.41352739417013,5.204210589441534,5.886761570227935,4.402855380300286,3.7802529464628636,0.0,0.0,0.0,0.0,0.0,0.0,19.496854024244147,5154.612505913816,4096.0338482722445,3502.5735832281557,3581.199920526032,2444.5267320540734,0.0,0.0,0.0,0.0,0.0,22.446273531239985,23.0,25.073120039676564,25.06753357175083,25.000053377685177,25.000226325753037,25.000046537886266
2017-07-21T18:00:00-05:00,3.7541148714498647,3.0920035215681314,2.392325443963591,2.6622502414514857,1.8036643978526758,0.0,0.0,0.0,0.0,0.0,0.0,25.0,25.0,25.0,25.0,25.0,140.0,4613.435415063911,3899.9847191443673,3991.7186842116207,3294.4666204861146,2811.610216575915,0.0,0.0,0.0,0.0,0.0,32.74458040777567,27.336603479998686,27.2450790647648,28.20849801924159,26.992546863548295,27.503076618385602,32.70648060951965,29.67316881073087,29.49010550926072,31.41693714043362,28.985058068088307,30.006103121370035,54.68058842526168,54.27143503569408,53.619819643864126,44.059037833844634,53.72483732592514,45.46950004159709,0.09312801243235039,0.07243809558812037,0.03272358226851562,0.06654914075645972,0.031312758152097143,31.005750000000006,60.42944545695274,0.0,0.0,0.0,0.0,0.0,22.44609183373831,15.131687479385318,14.944081972002833,11.932066643631671,14.974450929391827,12.410557790888662,0.01716448745490126,0.01075463059713627,0.01062330811592276,0.008702597791695727,0.010644459182522478,0.008985214081837996,32.78268020603169,25.000038149266505,25.000052620268875,25.000058898049556,25.00003565900828,25.00005011540117,4.520307402631561,3.8275466235562465,3.958995101943105,3.2279174797296544,2.7802974584238167,4.613435415063912,3.899984719144367,3.991718684211621,3.294466620486115,2.8116102165759145,0.0,0.0,0.0,0.0,0.0,0.0,18.66620416873434,3754.114871449865,3092.003521568131,2392.3254439635907,2662.250241451486,1803.6643978526756,0.0,0.0,0.0,0.0,0.0,22.44473631463549,23.0,25.000038149266505,25.000052620268875,25.000058898049556,25.00003565900828,25.00005011540117
2017-07-21T19:00:00-05:00,1.9181066090621994,1.6973940320298075,1.0994132320114358,1.597735387100657,1.0752402370860237,0.0,0.0,0.0,0.0,0.0,0.0,25.0,25.0,25.0,25.0,25.0,140.0,2317.2063581941984,2104.60726592355,1805.7537798618862,1971.9082700438291,1680.348540887648,0.0,0.0,0.0,0.0,0.0,30.54008305026353,26.38855872641571,26.40870751263044,26.76407598415422,26.342343027789337,26.673693909351716,30.384463149619958,27.77708768562707,27.81738416550846,28.528113015299336,27.68465528006949,28.347349668690427,61.53361938572422,53.4859901282779,52.81990866589869,43.50089004293026,52.926883375554894,44.850636088632406,0.057503138940292395,0.04656637638062587,0.019134106633584603,0.047759887935400355,0.022592997209038134,30.157083333333336,63.42276383214249,0.0,0.0,0.0,0.0,0.0,22.444659339687792,14.905368437706143,14.711071356044569,11.73902810476387,14.742412474573577,12.202272870407013,0.0171629515461489,0.010596324576759996,0.010462145657543174,0.00859081742374053,0.010483691578643794,0.008861170930861096,30.695702950907116,25.000029767204342,25.000030859752425,25.00003895300911,25.00003077550919,25.000038150013008,2.259703219253906,2.058040889542924,1.786619673228302,1.9241483821084289,1.6577555436786096,2.317206358194199,2.10460726592355,1.8057537798618863,1.9719082700438293,1.680348540887648,0.0,0.0,0.0,0.0,0.0,0.0,17.851633491593685,1918.1066090621991,1697.3940320298072,1099.4132320114356,1597.7353871006571,1075.2402370860239,0.0,0.0,0.0,0.0,0.0,22.443230221294147,23.0,25.000029767204342,25.000030859752425,25.00003895300911,25.00003077550919,25.000038150013008
2017-07-21T20:00:00-05:00,1.0653936565850668,1.0112276515224314,0.5716846478210266,1.0345225442586097,0.677006703368846,0.0,0.0,0.0,0.0,0.0,0.0,25.0,25.0,25.0,25.0,25.0,140.0,1296.8334012027387,1260.0045785275533,943.6963270113048,1289.007532993028,1067.2276519916134,0.0,0.0,0.0,0.0,0.0,29.003115873216956,25.888036131402487,25.948424930213278,26.07308219953703,25.96504149615731,26.178362064640996,28.826626252985438,26.77604491684288,26.896821378343517,27.146135027760916,26.930054311821895,27.356692499319568,67.09997040048174,52.94843261040658,52.24975401946538,43.121525921202895,52.32702740653766,44.385960442602396,0.041602504626538424,0.03483014208198267,0.013398118290817499,0.036956901700000044,0.016982295953561787,29.498250000000002,65.8641788583604,0.0,0.0,0.0,0.0,0.0,22.443319817749657,14.748764965692287,14.543076970915692,11.606560890846396,14.565937809259262,12.044212148875724,0.017161515315049596,0.010488028726536832,0.010347332763232086,0.008514867329935593,0.01036289089264768,0.008768066401375674,29.179605493448474,25.00002734596208,25.000028482083042,25.00002937131315,25.000028680492715,25.000031629962432,1.2552308965762005,1.2251744364455708,0.9302982087204872,1.2520506312930282,1.0502453560380516,1.296833401202739,1.2600045785275533,0.9436963270113049,1.2890075329930282,1.0672276519916133,0.0,0.0,0.0,0.0,0.0,0.0,17.219271076868647,1065.3936565850665,1011.2276515224315,571.6846478210265,1034.5225442586097,677.0067033688459,0.0,0.0,0.0,0.0,0.0,22.44206262727789,23.0,25.00002734596208,25.000028482083042,25.00002937131315,25.000028680492715,25.000031629962432
2017-07-21T21:00:00-05:00,0.7151741880070716,0.691525556468102,0.3647100142113122,0.7268809100596262,0.449454732106259,0.0,0.0,0.0,0.0,0.0,0.0,25.0,25.0,25.0,25.0,25.0,140.0,889.6274066183731,877.152984335618,610.9753427179536,921.6986481295235,718.1471415817881,0.0,0.0,0.0,0.0,0.0,28.125618855036294,25.668787916162852,25.721614595239426,25.776544627136172,25.748639582838155,25.875679470568826,27.95925303351295,26.33755386578268,26.443204995857656,26.553067826270862,26.49725435840099,26.75133434905035,70.62943682497134,52.511869157458385,51.7815374058188,42.818667733827624,51.833990619375264,44.015849232969025,0.03514315895484966,0.02928155092717069,0.011032593034905478,0.030827752513372688,0.013570506499965992,28.895250000000004,68.19388514295736,0.0,0.0,0.0,0.0,0.0,22.44213840177593,14.620531670479698,14.403890016942961,11.500055930670335,14.419535193614202,11.917257654870115,0.01716024901786292,0.010400104431848049,0.01025307757280275,0.00845424717749054,0.01026363552517108,0.008693928251269684,28.29198467655964,25.00002196654303,25.00002419462119,25.000021428001478,25.000024807275324,25.0000245920873,0.8544842476635235,0.8478714334084473,0.5999427496830482,0.8908708956161507,0.7045766350818219,0.889627406618373,0.877152984335618,0.6109753427179535,0.9216986481295235,0.7181471415817879,0.0,0.0,0.0,0.0,0.0,0.0,16.64049989764455,715.1741880070716,691.5255564681021,364.71001421131217,726.880910059626,449.4547321062591,0.0,0.0,0.0,0.0,0.0,22.440994877554843,23.0,25.00002196654303,25.00002419462119,25.000021428001478,25.000024807275324,25.0000245920873
2017-07-21T22:00:00-05:00,0.5130470613400031,0.5005961971050008,0.2556691336854,0.528661774483273,0.3096186357218664,0.0,0.0,0.0,0.0,0.0,0.0,25.0,25.0,25.0,25.0,25.0,140.0,652.0521555541972,646.822169933139,434.8246190744508,682.2980459740203,501.71584984349005,0.0,0.0,0.0,0.0,0.0,27.518238814305786,25.52728230106834,25.5717694166799,25.600509766251758,25.595030973299174,25.66770171375163,27.36240143367259,26.054547225397584,26.143519049219467,26.201003366750395,26.190041461299074,26.33538471700616,73.21192213452059,52.12429898949776,51.365606850037494,42.55131720342366,51.40118249113413,43.700219195840724,0.02960194075425534,0.024498823818156677,0.009245473354653824,0.025459422658523505,0.010852250185316487,28.37041666666667,70.29606100367737,0.0,0.0,0.0,0.0,0.0,22.441066917217626,14.505903579741824,14.279316402527892,11.405487252670722,14.290005281051725,11.808246741031112,0.017159100517872724,0.010322068346131,0.010169371112226244,0.008400745035191727,0.010176530164221109,0.008630717263268037,27.674076194938976,25.000017376739095,25.000019784140335,25.000016165753124,25.00002048529927,25.000018710497102,0.6224502147999419,0.6223233461149822,0.425579145719797,0.6568386233154968,0.49086359965817344,0.6520521555541972,0.6468221699331389,0.4348246190744508,0.6822980459740203,0.5017158498434899,0.0,0.0,0.0,0.0,0.0,0.0,16.136755224305386,513.0470613400031,500.5961971050007,255.6691336854,528.661774483273,309.6186357218664,0.0,0.0,0.0,0.0,0.0,22.4400649130729,23.0,25.000017376739095,25.000019784140335,25.000016165753124,25.00002048529927,25.000018710497102
2017-07-21T23:00:00-05:00,0.3722709680588929,0.36835077265523014,0.1850897476470596,0.38882808942346536,0.21751380867703088,0.0,0.0,0.0,0.0,0.0,0.0,25.0,25.0,25.0,25.0,25.0,140.0,482.7609097683892,484.52937511302247,319.2680550339199,510.5707056458596,357.35688245390685,0.0,0.0,0.0,0.0,0.0,27.056262451077856,25.417822626728896,25.457446268666803,25.474092451986536,25.475896468082937,25.51535057475557,26.910408899477677,25.835631756991475,25.914876710367377,25.948172586241466,25.951776470855133,26.030687056919394,75.25690913462189,51.796271358971275,51.01276269628624,42.32372346866948,51.03764373540696,43.441245406080036,0.024537148756357423,0.020426351281961578,0.007727120944610409,0.021055197480383755,0.008747906240181333,27.901416666666666,72.23816750206808,0.0,0.0,0.0,0.0,0.0,22.440134062563235,14.408299127599781,14.172940013918153,11.324568584816921,14.180461915248346,11.71828386020944,0.017158100395878468,0.010256035924714657,0.010098378162282307,0.008355206463663542,0.010103383986698737,0.008578862411209373,27.20211600267804,25.00001349646632,25.000015826966237,25.000012317731613,25.000016465310736,25.000014092591744,0.4582237610120317,0.46410302383106083,0.31154093408930944,0.4895155081654759,0.34860897621372555,0.48276090976838915,0.4845293751130224,0.31926805503391986,0.5105707056458596,0.3573568824539069,0.0,0.0,0.0,0.0,0.0,0.0,15.686601525268363,372.270968058893,368.35077265523006,185.08974764705962,388.8280894234654,217.51380867703088,0.0,0.0,0.0,0.0,0.0,22.439236144327285,23.0,25.00001349646632,25.000015826966237,25.000012317731613,25.000016465310736,25.000014092591744
